symbol,date,fiscal_quarter,notes
RELIANCE,2026-10-15,Q2FY27,Q2 results announcement
RELIANCE,2027-01-20,Q3FY27,Q3 results announcement
TCS,2026-10-14,Q2FY27,Q2 results announcement
TCS,2027-01-13,Q3FY27,Q3 results announcement
INFY,2026-10-21,Q2FY27,Q2 results announcement
INFY,2027-01-22,Q3FY27,Q3 results announcement
WIPRO,2026-10-14,Q2FY27,Q2 results announcement
WIPRO,2027-01-16,Q3FY27,Q3 results announcement
SBIN,2026-10-16,Q2FY27,Q2 results announcement
SBIN,2027-01-22,Q3FY27,Q3 results announcement
HDFC,2026-10-22,Q2FY27,Q2 results announcement
HDFC,2027-01-28,Q3FY27,Q3 results announcement
MARUTI,2026-10-28,Q2FY27,Q2 results announcement
MARUTI,2027-01-27,Q3FY27,Q3 results announcement
ICICIBANK,2026-10-23,Q2FY27,Q2 results announcement
ICICIBANK,2027-01-23,Q3FY27,Q3 results announcement
SUNPHARMA,2026-09-25,Q1FY27,Q1 results announcement
SUNPHARMA,2026-12-25,Q2FY27,Q2 results announcement
BAJAJFINSV,2026-10-08,Q2FY27,Q2 results announcement
BAJAJFINSV,2027-01-08,Q3FY27,Q3 results announcement
